11,TRITON - Legacy No Heater,Normal,Secondwind
76,TRITON - Legacy No Heater,Normal,SWI
77,TRITON - Legacy Heater,Normal,Secondwind
78,TRITON - Legacy No Heater,Normal,Secondwind
88,TRITON - Legacy No Heater,Normal,Palm Springs Test
93,TRITON - Legacy No Heater,Normal,Secondwind
97,TRITON - Legacy No Heater,Normal,VaisalaHEL
99,TRITON - TPU No Heater,Normal,SWI
102,TRITON - Legacy No Heater,Normal,Secondwind
104,TRITON - Legacy No Heater,Normal,WindLogics
105,TRITON - TPU Heater,Normal,Secondwind
106,TRITON - TPU Heater,Normal,KB Energy
107,TRITON - Legacy No Heater,Normal,Terra-Gen
108,TRITON - Legacy No Heater,Normal,Secondwind
109,TRITON - Legacy No Heater,Normal,Palm Springs Test
110,TRITON - Legacy No Heater,Normal,BPA
111,TRITON - Legacy No Heater,Normal,BPA
112,TRITON - Legacy No Heater,Normal,Palm Springs Test
113,TRITON - Legacy No Heater,Normal,Horizon
114,TRITON - Legacy No Heater,Normal,INL
115,TRITON - Legacy No Heater,Normal,BoiseState
116,TRITON - TPU No Heater,Normal,Sequoia
117,TRITON - Legacy No Heater,Normal,MontezumaWetlands
118,TRITON - Legacy No Heater,Normal,MontezumaWetlands
119,TRITON - Legacy No Heater,Normal,Columbia Energy
120,TRITON - Legacy No Heater,Normal,WED
121,TRITON - Legacy No Heater,Normal,Secondwind
122,TRITON - Legacy No Heater,Normal,Green Wing Energy
123,TRITON - Legacy No Heater,Normal,Clemson
124,TRITON - TPU No Heater,Normal,Convivium
125,TRITON - Legacy No Heater,Normal,Secondwind
126,TRITON - Legacy No Heater,Normal,WPCWP
127,TRITON - Legacy No Heater,Normal,WED
128,TRITON - OPS,Normal,Coram
129,TRITON - Legacy No Heater,Normal,Sequoia
130,TRITON - Legacy No Heater,Normal,Onsemble
131,TRITON - TPU No Heater,Normal,WPCWP
132,TRITON - Legacy No Heater,Normal,PSWM_PL
133,TRITON - Legacy No Heater,Normal,Connecticut College
134,TRITON - Legacy No Heater,Normal,Onsemble
135,TRITON - Legacy No Heater,Normal,Pantex
136,TRITON - Legacy No Heater,Normal,WindProspect
137,TRITON - Legacy No Heater,Normal,CCI Energy
138,TRITON - Legacy No Heater,Normal,PSWM_BG
139,TRITON - Legacy No Heater,Normal,Genesis Energy
140,TRITON - Legacy No Heater,Normal,WPCWP
141,TRITON - Legacy No Heater,Normal,WPCWP
142,TRITON - TPU No Heater,Normal,Santee Cooper
143,TRITON - Legacy No Heater,Normal,PSWM_SRB
144,TRITON - Legacy No Heater,Normal,WPCWP
145,TRITON - Legacy No Heater,Normal,WPCWP
146,TRITON - Legacy No Heater,Normal,WPCWP
147,TRITON - Legacy No Heater,Normal,Shell Wind
148,TRITON - Legacy No Heater,Normal,WPCWP
149,TRITON - Legacy No Heater,Normal,Baruch Wind
150,TRITON - TPU No Heater,Normal,Acciona
151,TRITON - Legacy No Heater,Normal,WPCWP
152,TRITON - Legacy No Heater,Normal,allEarth
154,TRITON - Legacy No Heater,Normal,Acciona
155,TRITON - Legacy No Heater,Normal,AGL
156,TRITON - Legacy No Heater,Normal,Invenergy
157,TRITON - Legacy No Heater,Normal,AGL
158,TRITON - Legacy No Heater,Normal,WPCWP
159,TRITON - Legacy No Heater,Normal,Jasper Wind
160,TRITON - Legacy No Heater,Normal,Padoma
161,TRITON - Legacy No Heater,Normal,WPCWP
162,TRITON - TPU Heater,Normal,Tradewind Energy
163,TRITON - Legacy No Heater,Normal,Admiral Parkway
164,TRITON - Legacy Heater,Normal,INL
165,TRITON - Legacy Heater,Normal,Windland
166,TRITON - Legacy No Heater,Normal,Invenergy
167,TRITON - Legacy Heater,Normal,Hadley Wind
168,TRITON - Legacy Heater,Normal,Vaisala Meas Ops
169,TRITON - TPU Heater,Normal,WindLogics
170,TRITON - TPU Heater,Normal,Sequoia
171,TRITON - TPU Heater,Normal,Horizon
172,TRITON - TPU Heater,Normal,WindLogics
173,TRITON - TPU Heater,Normal,Tradewind Energy
174,TRITON - TPU Heater,Normal,Horizon
175,TRITON - Legacy Heater,Normal,Horizon
176,TRITON - Legacy Heater,Normal,Columbia Energy
177,TRITON - TPU Heater,Normal,Sequoia
178,TRITON - Legacy Heater,Normal,Baseline Renewables
179,TRITON - TPU No Heater,Normal,Valorem
180,TRITON - Legacy Heater,Normal,Cannon
181,TRITON - Legacy Heater,Normal,JMU
182,TRITON - Legacy No Heater,Normal,Jasper Wind
183,TRITON - Legacy Heater,Normal,UMASS
184,TRITON - Legacy No Heater,Normal,Verve Energy
185,TRITON - Legacy No Heater,Normal,FFE
186,TRITON - Legacy Heater,Normal,Duke Energy
187,TRITON - Legacy Heater,Normal,Baseline Renewables
188,TRITON - Legacy Heater,Normal,Horizon
189,TRITON - Legacy Heater,Normal,Duke Energy
190,TRITON - Legacy No Heater,Normal,West Texas Power
191,TRITON - TPU Heater,Normal,RampCast SCE
192,TRITON - TPU Heater,Normal,TransAlta
193,TRITON - Legacy No Heater,Normal,Navy
194,TRITON - Legacy No Heater,Normal,Barlovento
195,TRITON - Legacy Heater,Normal,CPV
196,TRITON - Legacy No Heater,Normal,Sartelco
197,TRITON - TPU Heater,Normal,RampCast SCE
198,TRITON - Legacy Heater,Normal,Ridgeline
199,TRITON - Legacy No Heater,Normal,Sartelco
200,TRITON - TPU Heater,Normal,RampCast SCE
201,TRITON - TPU Heater,Normal,PrjResources
202,TRITON - Legacy Heater,Normal,OakCreek
203,TRITON - Legacy Heater,Normal,Horizon
204,TRITON - TPU Heater,Normal,RampCast SCE
205,TRITON - Legacy Heater,Normal,Horizon
206,TRITON - Legacy Heater,Normal,NPPD
208,TRITON - Legacy Heater,Normal,NPPD
209,TRITON - Legacy No Heater,Normal,Wind Lab US
210,TRITON - Legacy Heater,Normal,BNE
211,TRITON - Legacy No Heater,Normal,City of Vernon
212,TRITON - Legacy No Heater,Normal,Eurosat
213,TRITON - Legacy Heater,Normal,NPPD
214,TRITON - Legacy Heater,Normal,Edison Mission Energy
215,TRITON - Legacy Heater,Normal,Horizon
216,TRITON - TPU Heater,Normal,RES
217,TRITON - Legacy Heater,Normal,Horizon
218,TRITON - Legacy Heater,Normal,BP Wind
219,TRITON - Legacy No Heater,Normal,City of Vernon
220,TRITON - Legacy Heater,Normal,Horizon
221,TRITON - TPU No Heater,Normal,Meridian
222,TRITON - TPU No Heater,Normal,Meridian
223,TRITON - TPU Heater,Normal,Gamesa
224,TRITON - Legacy No Heater,Normal,Barlovento
225,TRITON - Legacy No Heater,Normal,Dulas
226,TRITON - Legacy Heater,Normal,Yale
227,TRITON - Legacy No Heater,Normal,RWE Npower
228,TRITON - TPU Heater,Normal,Horizon
229,TRITON - Legacy Heater,Normal,OakCreek
230,TRITON - Legacy No Heater,Normal,Wind Lab AU
231,TRITON - Legacy Heater,Normal,EFO
232,TRITON - Legacy Heater,Normal,First Wind
233,TRITON - Legacy Heater,Normal,Cornerstone Energy
234,TRITON - Legacy Heater,Normal,Wind Lab US
235,TRITON - Legacy No Heater,Normal,Barlovento
236,TRITON - Legacy Heater,Normal,Wind Lab US
237,TRITON - OPS,Normal,Compagnie du Vent
238,TRITON - Legacy No Heater,Normal,Carbon 2050
239,TRITON - TPU No Heater,Normal,Wind Lab AU
240,TRITON - Legacy No Heater,Normal,Energy Systems
241,TRITON - TPU No Heater,Normal,RES UK
242,TRITON - Legacy Heater,Normal,Horizon
243,TRITON - Legacy Heater,Normal,NaturEner
244,TRITON - TPU Heater,Normal,DP Energy
245,TRITON - Legacy Heater,Normal,Horizon
246,TRITON - Legacy No Heater,Normal,Infigen
247,TRITON - Legacy No Heater,Normal,Infigen
248,TRITON - Legacy Heater,Normal,Dot Foods
249,TRITON - OPS,Normal,Horizon
250,TRITON - Legacy Heater,Normal,Terra-Gen
251,TRITON - Legacy Heater,Normal,Frontera
252,TRITON - Legacy No Heater,Normal,Blair Fox
253,TRITON - TPU No Heater,Normal,Wind Lab AU
254,TRITON - Legacy Heater,Normal,BP Wind
255,TRITON - Legacy Heater,Normal,BP Wind
256,TRITON - Legacy Heater,Normal,BNE
257,TRITON - Legacy No Heater,Normal,Secondwind
258,TRITON - Legacy Heater,Normal,Marshall
259,TRITON - Legacy Heater,Normal,BP Wind
260,TRITON - Legacy Heater,Normal,Ogin
261,TRITON - Legacy No Heater,Normal,Wind Lab SA
262,TRITON - Legacy Heater,Normal,Wind Lab US
263,TRITON - Legacy No Heater,Normal,Torch
264,TRITON - TPU No Heater,Custom,Gold Wind
265,TRITON - TPU Heater,Normal,RampCast SCE
266,TRITON - TPU No Heater,Normal,Wind Lab AU
267,TRITON - Legacy No Heater,Normal,Caja Rural
268,TRITON - TPU Heater,Normal,allEarth
269,TRITON - TPU Heater,Normal,Horizon
270,TRITON - TPU Heater,Normal,Geronimo
271,TRITON - Legacy Heater,Normal,ZNC
272,TRITON - Legacy Heater,Normal,Geronimo
273,TRITON - Legacy No Heater,Normal,Wind Lab SA
274,TRITON - Legacy No Heater,Normal,Wind Lab SA
275,TRITON - Legacy Heater,Normal,Pattern
276,TRITON - TPU Heater,Normal,EAPC
277,TRITON - TPU Heater,Normal,RES Canada
278,TRITON - Legacy Heater,Normal,Horizon
279,TRITON - Legacy Heater,Normal,Wind Lab US
280,TRITON - Legacy Heater,Normal,Horizon
281,TRITON - Legacy Heater,Normal,NREL
282,TRITON - TPU Heater,Normal,Capital Power
283,TRITON - TPU Heater,Normal,Orion
284,TRITON - TPU Heater,Normal,Capital Power
285,TRITON - Legacy No Heater,Normal,Verve Energy
286,TRITON - Legacy Heater,Normal,AV3 Humphreys
287,TRITON - Legacy Heater,Normal,Clean Energy Renewables
288,TRITON - Legacy Heater,Normal,NaturEner
289,TRITON - Legacy Heater,Normal,RES Canada
290,TRITON - Legacy Heater,Normal,BP Wind
291,TRITON - Legacy No Heater,Normal,Acciona Australia
292,TRITON - TPU No Heater,Normal,CS Energy
293,TRITON - Legacy No Heater,Normal,Transfield
294,TRITON - OPS,Normal,Horizon
295,TRITON - Legacy Heater,Normal,Acciona
296,TRITON - TPU Heater,Normal,Pattern
297,TRITON - Legacy Heater,Normal,Horizon
298,TRITON - TPU Heater,Normal,NextEra
299,TRITON - TPU Heater,Normal,NextEra
300,TRITON - Legacy Heater,Normal,Fersa
301,TRITON - TPU Heater,Normal,NextEra
302,TRITON - TPU Heater,Normal,NextEra
303,TRITON - TPU Heater,Normal,NextEra
304,TRITON - Legacy Heater,Normal,Horizon
305,TRITON - TPU Heater,Normal,RES
306,TRITON - TPU Heater,Normal,NextEra
307,TRITON - TPU Heater,Normal,First Wind
308,TRITON - Legacy Heater,Normal,Eurus
309,TRITON - TPU Heater,Normal,NextEra
310,TRITON - Legacy Heater,Normal,Gamesa USA
311,TRITON - TPU Heater,Normal,First Wind
312,TRITON - Legacy No Heater,Normal,EDF ER
313,TRITON - Legacy No Heater,Normal,EDPR
314,TRITON - TPU No Heater,Normal,Alcen
315,TRITON - Legacy No Heater,Normal,BlackVeatch
316,TRITON - Legacy No Heater,Normal,Hayes McKenzie
317,TRITON - Legacy Heater,Normal,NaturEner
318,TRITON - Legacy Heater,Normal,NaturEner
319,TRITON - TPU Heater,Normal,WindLogics
320,TRITON - Legacy Heater,Normal,Invenergy
321,TRITON - TPU Heater,Normal,Tradewind Energy
322,TRITON - TPU Heater,Normal,RES Canada
323,TRITON - TPU Heater,Normal,Secondwind
324,TRITON - Legacy No Heater,Normal,Moonies Hill
325,TRITON - Legacy No Heater,Normal,Compagnie du Vent
326,TRITON - Legacy No Heater,Normal,West Wind
327,TRITON - TPU No Heater,Normal,Compagnie du Vent
328,TRITON - TPU Heater,Normal,NextEra
329,TRITON - TPU Heater,Normal,First Wind
330,TRITON - Legacy Heater,Normal,RES Canada
331,TRITON - Legacy Heater,Normal,KCPL
332,TRITON - TPU Heater,Normal,Weatherflow
333,TRITON - TPU Heater,Custom,Nordex France
334,TRITON - Legacy Heater,Normal,Nordex
335,TRITON - TPU Heater,Normal,Griggs Steele
336,TRITON - Legacy Heater,Normal,Baseline Renewables
337,TRITON - TPU Heater,Normal,AWS Truepower
338,TRITON - TPU No Heater,Normal,Mainstream SA
339,TRITON - Legacy No Heater,Normal,Trustpower
340,TRITON - Legacy Heater,Normal,BP Wind
341,TRITON - TPU Heater,Normal,Georgia Power
342,TRITON - Legacy Heater,Normal,Padoma
343,TRITON - TPU Heater,Normal,RampCast SCE
344,TRITON - TPU Heater,Normal,DTE
345,TRITON - Legacy Heater,Normal,Wheatridge
346,TRITON - Legacy Heater,Normal,Wheatridge
347,TRITON - Legacy Heater,Normal,Windstream
348,TRITON - Legacy No Heater,Normal,BioTherm
349,TRITON - Legacy No Heater,Normal,Wind Lab SA
350,TRITON - Legacy No Heater,Normal,BioTherm
351,TRITON - Legacy Heater,Normal,Ridgeline
352,TRITON - TPU Heater,Normal,RampCast SCE
353,TRITON - TPU Heater,Normal,NextEra
354,TRITON - Legacy Heater,Normal,Alliant
355,TRITON - Legacy No Heater,Normal,BioTherm
356,TRITON - Legacy Heater,Normal,Alliant
357,TRITON - TPU Heater,Normal,NaturEner
358,TRITON - TPU No Heater,Normal,RWE Npower
359,TRITON - Legacy No Heater,Normal,Wind Lab SA
360,TRITON - TPU Heater,Normal,RampCast SCE
361,TRITON - Legacy Heater,Normal,Baseline Renewables
362,TRITON - Legacy Heater,Normal,RES
363,TRITON - TPU Heater,Normal,Capital Power
364,TRITON - TPU Heater,Normal,Alcen
365,TRITON - Legacy No Heater,Normal,Main Power
366,TRITON - Legacy No Heater,Normal,Dulas
367,TRITON - TPU No Heater,Normal,Meridian
368,TRITON - Legacy Heater,Normal,EDPR
369,TRITON - Legacy Heater,Normal,WindProspect PL
371,TRITON - Legacy Heater,Normal,BP Wind
372,TRITON - TPU No Heater,Custom,Meridian
373,TRITON - Legacy No Heater,Normal,Movipower
374,TRITON - Legacy Heater,Normal,Edison Mission Energy
375,TRITON - Legacy No Heater,Normal,Eurosat
376,TRITON - TPU No Heater,Normal,Wind Lab AU
377,TRITON - TPU Heater,Normal,NextEra
378,TRITON - Legacy Heater,Custom,RES Canada
379,TRITON - Legacy No Heater,Normal,Afriweather
380,TRITON - Legacy No Heater,Normal,SSE
381,TRITON - TPU Heater,Normal,Apex Wind
382,TRITON - Legacy Heater,Normal,Whitetail
383,TRITON - Legacy Heater,Normal,Apex Wind
384,TRITON - TPU Heater,Normal,Gamesa USA
385,TRITON - TPU Heater,Normal,Capital Power
386,TRITON - Legacy No Heater,Normal,Airtech
387,TRITON - Legacy No Heater,Normal,Texas Wind Group
388,TRITON - Legacy No Heater,Normal,Navy
389,TRITON - Legacy Heater,Normal,Broken Bow
390,TRITON - Legacy No Heater,Normal,WPWA
391,TRITON - Legacy No Heater,Normal,WCE
392,TRITON - Legacy No Heater,Normal,Gamesa
393,TRITON - Legacy Heater,Normal,Mainstream SA
394,TRITON - Legacy Heater,Normal,Champlin Wind
395,TRITON - TPU Heater,Normal,Mainstream
396,TRITON - Legacy No Heater,Normal,Gamesa
397,TRITON - TPU No Heater,Normal,Eolfi
398,TRITON - Legacy Heater,Normal,ECSU
399,TRITON - TPU Heater,Normal,Gamesa USA
400,TRITON - TPU Heater,Normal,RampCast SCE
401,TRITON - Legacy Heater,Normal,2morrow Energy
402,TRITON - Legacy Heater,Normal,Gamesa USA
403,TRITON - TPU No Heater,Normal,Hayes McKenzie
405,TRITON - Legacy No Heater,Normal,Mainstream SA
406,TRITON - Legacy Heater,Normal,RES
407,TRITON - Legacy Heater,Normal,Champlin Wind
408,TRITON - Legacy Heater,Normal,Infinis
409,TRITON - Legacy Heater,Normal,Onsemble
410,TRITON - Legacy Heater,Normal,allEarth
411,TRITON - Legacy No Heater,Normal,Dulas
412,TRITON - TPU No Heater,Normal,Ibereolica
413,TRITON - Legacy No Heater,Normal,BioTherm
414,TRITON - Legacy Heater,Normal,Mainstream SA
415,TRITON - Legacy No Heater,Normal,RialmaSa
416,TRITON - Legacy Heater,Normal,Bealenergy
417,TRITON - TPU Heater,Normal,Invenergy
418,TRITON - Legacy Heater,Normal,Invenergy
419,TRITON - Legacy Heater,Normal,Mainstream
420,TRITON - TPU Heater,Normal,Pattern
421,TRITON - Legacy Heater,Normal,Tradewind Energy
422,TRITON - Legacy Heater,Normal,Dulas
423,TRITON - Legacy Heater,Normal,KB Energy
424,TRITON - Legacy No Heater,Normal,Pacific Hydro
425,TRITON - TPU No Heater,Normal,Mainstream - Chile
426,TRITON - Legacy No Heater,Normal,Neoen
427,TRITON - Legacy No Heater,Normal,State Electric Co
428,TRITON - TPU No Heater,Normal,Mainstream SA
429,TRITON - Legacy No Heater,Normal,State Electric Co
430,TRITON - Legacy Heater,Normal,BP Wind
431,TRITON - TPU Heater,Normal,Geronimo
432,TRITON - Legacy Heater,Normal,Dulas
433,TRITON - Legacy No Heater,Normal,Navy
434,TRITON - Legacy Heater,Normal,BP Wind
435,TRITON - TPU Heater,Normal,Geronimo
436,TRITON - Legacy Heater,Normal,NSAC
437,TRITON - Legacy Heater,Normal,Yudean
438,TRITON - OPS,Normal,Pattern
439,TRITON - Legacy Heater,Normal,SMUD
440,TRITON - Legacy Heater,Normal,TransCanada
441,TRITON - Legacy Heater,Normal,Padoma
442,TRITON - Legacy Heater,Normal,Dept. of State
443,TRITON - Legacy Heater,Normal,PUGET SOUND ENERGY
444,TRITON - TPU Heater,Normal,Edf EN CA
446,TRITON - TPU Heater,Normal,RampCast SCE
447,TRITON - Legacy No Heater,Normal,Trustpower
448,TRITON - TPU No Heater,Normal,Southern Company
449,TRITON - TPU Heater,Normal,RES Canada
450,TRITON - TPU Heater,Normal,Edf EN CA
451,TRITON - Legacy Heater,Normal,NPPD
452,TRITON - Legacy No Heater,Normal,RWE Npower
453,TRITON - Legacy Heater,Normal,Invenergy
454,TRITON - Legacy No Heater,Normal,Mainstream SA
455,TRITON - Legacy No Heater,Normal,Caja Rural
456,TRITON - Legacy No Heater,Normal,Truenergy
457,TRITON - Legacy Heater,Normal,Infinis
458,TRITON - TPU Heater,Normal,Nordex France
459,TRITON - TPU Heater,Normal,KB Energy
460,TRITON - Legacy Heater,Normal,Apex Wind
461,TRITON - Legacy Heater,Normal,Acciona
462,TRITON - Legacy No Heater,Normal,Truenergy
463,TRITON - Legacy No Heater,Normal,FloDesign
464,TRITON - Legacy Heater,Normal,Apex Wind
465,TRITON - TPU No Heater,Normal,LAP
466,TRITON - TPU Heater,Normal,Orion
467,TRITON - Legacy Heater,Normal,Scottish Power
468,TRITON - TPU Heater,Normal,Apex Wind
469,TRITON - TPU Heater,Normal,Infinity Wind
470,TRITON - TPU Heater,Normal,SSE
471,TRITON - Legacy No Heater,Normal,Mainstream SA
472,TRITON - Legacy Heater,Normal,BP Wind
473,TRITON - TPU Heater,Custom,EDF
474,TRITON - Legacy Heater,Normal,Dulas
475,TRITON - Legacy Heater,Normal,allEarth
476,TRITON - Legacy No Heater,Normal,Shah
477,TRITON - Legacy Heater,Normal,Eurus
478,TRITON - Legacy No Heater,Normal,Mainstream SA
479,TRITON - Legacy No Heater,Normal,Wind Prospect SA
480,TRITON - TPU No Heater,Normal,Mainstream SA
481,TRITON - Legacy Heater,Normal,GDF Suez Zielona
482,TRITON - TPU No Heater,Normal,Mainstream SA
483,TRITON - TPU No Heater,Normal,Afriweather
484,TRITON - Legacy No Heater,Normal,GeoTek
485,TRITON - Legacy No Heater,Normal,GeoTek
486,TRITON - Legacy No Heater,Normal,Mainstream - Chile
487,TRITON - Legacy Heater,Normal,Infinis
488,TRITON - Legacy Heater,Normal,allEarth
489,TRITON - Legacy Heater,Normal,BP Wind
490,TRITON - Legacy No Heater,Normal,PEC
491,TRITON - Legacy No Heater,Normal,Acciona Australia
492,TRITON - Legacy No Heater,Normal,Neoen
494,TRITON - TPU Heater,Normal,Falck Renewables
495,TRITON - Legacy No Heater,Normal,Wind Lab SA
496,TRITON - Legacy No Heater,Normal,Trustpower
497,TRITON - TPU Heater,Normal,Dulas
498,TRITON - TPU No Heater,Normal,Hydro Tasmania
499,TRITON - Legacy No Heater,Normal,Wind Force
500,TRITON - TPU No Heater,Normal,ESKOM
501,TRITON - TPU Heater,Normal,Apex Wind
502,TRITON - Legacy No Heater,Normal,Pacific Hydro Chile
503,TRITON - TPU Heater,Normal,WindProspect
504,TRITON - Legacy No Heater,Normal,Mainstream - Chile
505,TRITON - Legacy No Heater,Normal,Mainstream - Chile
506,TRITON - Legacy No Heater,Normal,Mainstream
507,TRITON - TPU Heater,Normal,Apex Wind
508,TRITON - TPU Heater,Normal,Apex Wind
509,TRITON - TPU Heater,Normal,Apex Wind
510,TRITON - TPU No Heater,Normal,Casa Dos Ventos
511,TRITON - TPU No Heater,Normal,Casa Dos Ventos
512,TRITON - TPU No Heater,Normal,Weatherflow
513,TRITON - TPU No Heater,Normal,ESKOM
514,TRITON - TPU Heater,Normal,Exelon
515,TRITON - TPU Heater,Normal,Apex Wind
516,TRITON - TPU Heater,Normal,Exelon
517,TRITON - TPU Heater,Normal,Exelon
518,TRITON - TPU Heater,Normal,Apex Wind
519,TRITON - TPU No Heater,Normal,Furnas
520,TRITON - TPU No Heater,Normal,Furnas
521,TRITON - TPU No Heater,Normal,GeoTek
522,TRITON - TPU No Heater,Normal,ESKOM
523,TRITON - TPU Heater,Normal,Orion
524,TRITON - TPU No Heater,Normal,ESKOM
525,TRITON - TPU No Heater,Normal,Weatherflow
526,TRITON - Legacy Heater,Normal,WCE
527,TRITON - TPU No Heater,Normal,Firewheel
528,TRITON - TPU Heater,Normal,Orion
529,TRITON - TPU Heater,Normal,Secondwind
530,TRITON - TPU No Heater,Normal,Firewheel
531,TRITON - TPU No Heater,Normal,Ratch
532,TRITON - Legacy No Heater,Normal,FIO
533,TRITON - TPU Heater,Normal,Secondwind
534,TRITON - Legacy No Heater,Normal,Ratch
536,TRITON - Legacy Heater,Normal,EWS
537,TRITON - Legacy No Heater,Normal,Ratch
538,TRITON - Legacy No Heater,Normal,Ratch
539,TRITON - TPU No Heater,Normal,Compagnie du Vent
540,TRITON - TPU No Heater,Normal,Compagnie du Vent
541,TRITON - TPU No Heater,Custom,UPC Renewables
542,TRITON - Legacy No Heater,Normal,Hydro-Star Energy
543,TRITON - TPU Heater,Normal,Apex Wind
544,TRITON - TPU Heater,Normal,juwi Wind
545,TRITON - TPU Heater,Normal,Exelon
546,TRITON - TPU Heater,Normal,Exelon
547,TRITON - Legacy No Heater,Normal,FCC
548,TRITON - TPU No Heater,Normal,Weatherflow
549,TRITON - TPU Heater,Normal,NextEra
550,TRITON - TPU No Heater,Normal,RES
551,TRITON - TPU Heater,Normal,EverPower
552,TRITON - TPU Heater,Normal,SSE
553,TRITON - Legacy No Heater,Normal,Hydro-Star Energy
554,TRITON - TPU No Heater,Normal,RES Australia
555,TRITON - TPU No Heater,Normal,GeoTek
556,TRITON - Legacy Heater,Normal,Apex Wind
557,TRITON - TPU No Heater,Normal,GeoTek
558,TRITON - TPU No Heater,Normal,LAP
559,TRITON - TPU No Heater,Normal,RES UK
560,TRITON - TPU No Heater,Normal,Casa Dos Ventos
561,TRITON - TPU No Heater,Normal,Casa Dos Ventos
562,TRITON - Legacy Heater,Normal,Apex Wind
563,TRITON - TPU Heater,Custom,Apex Wind
564,TRITON - TPU Heater,Normal,Apex Wind
565,TRITON - TPU Heater,Normal,NextEra
566,TRITON - TPU Heater,Normal,NextEra
567,TRITON - TPU Heater,Normal,NextEra
568,TRITON - TPU Heater,Normal,NextEra
569,TRITON - TPU No Heater,Normal,Casa Dos Ventos
570,TRITON - TPU No Heater,Normal,Casa Dos Ventos
571,TRITON - TPU No Heater,Normal,Casa Dos Ventos
572,TRITON - TPU No Heater,Normal,Casa Dos Ventos
573,TRITON - TPU No Heater,Normal,C-WET
577,TRITON - TPU No Heater,Normal,Wind Lab SA
578,TRITON - TPU No Heater,Normal,Wind Lab SA
579,TRITON - TPU Heater,Normal,NextEra
580,TRITON - OPS,Normal,NextEra
581,TRITON - TPU Heater,Normal,Gamesa
582,TRITON - TPU Heater,Normal,NextEra
583,TRITON - TPU Heater,Normal,NextEra
584,TRITON - TPU Heater,Normal,NextEra
585,TRITON - TPU Heater,Normal,NextEra
586,TRITON - TPU No Heater,Normal,Wind Lab SA
587,TRITON - TPU Heater,Normal,NextEra
588,TRITON - TPU Heater,Normal,NextEra
589,TRITON - TPU Heater,Normal,NextEra
590,TRITON - TPU Heater,Normal,NextEra
591,TRITON - TPU Heater,Normal,NextEra
592,TRITON - TPU Heater,Normal,NextEra
593,TRITON - TPU Heater,Normal,NextEra
594,TRITON - TPU Heater,Normal,NextEra
595,TRITON - TPU No Heater,Normal,RES
596,TRITON - TPU Heater,Normal,NextEra
597,TRITON - TPU Heater,Normal,NextEra
598,TRITON - TPU Heater,Normal,NextEra
599,TRITON - TPU Heater,Normal,NextEra
600,TRITON - TPU Heater,Normal,NextEra
601,TRITON - TPU No Heater,Normal,UPC Renewables
602,TRITON - TPU Heater,Normal,Exelon
603,TRITON - OPS,Normal,Exelon
604,TRITON - TPU Heater,Normal,TÜV SÜD
605,TRITON - TPU Heater,Normal,VaisalaHEL
606,TRITON - TPU No Heater,Normal,Climatik
607,TRITON - TPU Heater,Normal,Exelon
608,TRITON - OPS,Normal,Samsung
609,TRITON - TPU Heater,Normal,Ecofys
610,TRITON - TPU Heater,Normal,RES Canada
611,TRITON - TPU Heater,Normal,Geronimo
612,TRITON - TPU Heater,Custom,GE Power & Water
613,TRITON - TPU Heater,Normal,Puhuri
614,TRITON - TPU Heater,Custom,GE Power & Water
615,TRITON - TPU Heater,Normal,Puhuri
616,TRITON - TPU No Heater,Normal,NREL
617,TRITON - TPU Heater,Normal,Edf EN CA
618,TRITON - TPU Heater,Normal,Alliant
619,TRITON - TPU Heater,Normal,Exelon
620,TRITON - TPU Heater,Normal,NextEra
621,TRITON - TPU Heater,Normal,NextEra
622,TRITON - TPU No Heater,Normal,Hobeco
623,TRITON - TPU No Heater,Normal,EDC
624,TRITON - TPU Heater,Normal,NextEra
625,TRITON - TPU Heater,Normal,NextEra
626,TRITON - TPU Heater,Normal,NextEra
627,TRITON - TPU Heater,Normal,NextEra
628,TRITON - TPU Heater,Normal,NextEra
629,TRITON - TPU Heater,Normal,NextEra
630,TRITON - TPU Heater,Normal,NextEra
631,TRITON - TPU No Heater,Normal,Casa Dos Ventos
632,TRITON - TPU No Heater,Normal,Casa Dos Ventos
633,TRITON - TPU No Heater,Normal,Casa Dos Ventos
634,TRITON - TPU Heater,Normal,NextEra
635,TRITON - TPU No Heater,Normal,Valorem
636,TRITON - TPU No Heater,Normal,Wind Energy Holding
637,TRITON - TPU No Heater,Normal,Wind Energy Holding
638,TRITON - TPU No Heater,Normal,Climatik
639,TRITON - TPU No Heater,Normal,Climatik
640,TRITON - TPU No Heater,Normal,Climatik
641,TRITON - TPU No Heater,Normal,NREL
642,TRITON - TPU No Heater,Normal,Windlab Tanzania
643,TRITON - Legacy No Heater,Custom,Enel Chile
644,TRITON - TPU No Heater,Normal,SunEdison Chile
645,TRITON - TPU No Heater,Normal,Climatik
646,TRITON - TPU Heater,Normal,NextEra
647,TRITON - TPU Heater,Normal,NextEra
648,TRITON - TPU Heater,Normal,NextEra
649,TRITON - TPU Heater,Normal,NextEra
650,TRITON - TPU Heater,Normal,NextEra
651,TRITON - TPU Heater,Normal,Calpine
652,TRITON - TPU Heater,Normal,WindLogics
653,TRITON - TPU Heater,Normal,NextEra
654,TRITON - TPU Heater,Normal,SunEdison
655,TRITON - TPU Heater,Normal,SunEdison
656,TRITON - TPU Heater,Normal,SunEdison
657,TRITON - TPU Heater,Normal,SunEdison
658,TRITON - TPU Heater,Normal,Innergex
659,TRITON - TPU Heater,Normal,NextEra
660,TRITON - TPU Heater,Normal,NextEra
661,TRITON - TPU Heater,Normal,NextEra
662,TRITON - TPU Heater,Normal,NextEra
663,TRITON - TPU Heater,Normal,Calpine
664,TRITON - TPU Heater,Normal,Calpine
665,TRITON - TPU Heater,Normal,Calpine
666,TRITON - TPU Heater,Normal,Calpine
667,TRITON - TPU No Heater,Normal,Enel Chile Replacement Unit
668,TRITON - TPU No Heater,Normal,Climatik
669,TRITON - TPU Heater,Normal,NextEra
670,TRITON - TPU Heater,Normal,White Wind Ventures
671,TRITON - TPU Heater,Normal,Calpine
672,TRITON - TPU Heater,Normal,Calpine
673,TRITON - TPU Heater,Normal,Calpine
674,TRITON - TPU Heater,Normal,Gold Wind
675,TRITON - TPU No Heater,Normal,Climatik
676,TRITON - TPU Heater,Normal,NextEra
677,TRITON - TPU Heater,Normal,NextEra
678,TRITON - TPU Heater,Normal,NextEra
679,TRITON - TPU Heater,Normal,Amshore
680,TRITON - TPU Heater,Normal,NextEra
681,TRITON - TPU Heater,Normal,NextEra
682,TRITON - TPU Heater,Normal,NextEra
683,TRITON - TPU Heater,Normal,NextEra
684,TRITON - TPU Heater,Normal,NextEra
685,TRITON - TPU Heater,Normal,NextEra
686,TRITON - TPU Heater,Normal,NextEra
687,TRITON - TPU Heater,Normal,NextEra
688,TRITON - TPU Heater,Normal,NextEra
689,TRITON - TPU Heater,Normal,NextEra
690,TRITON - TPU No Heater,Normal,Omega Energia
691,TRITON - TPU Heater,Normal,NextEra
692,TRITON - TPU Heater,Normal,NextEra
693,TRITON - TPU Heater,Normal,Fagen
694,TRITON - TPU Heater,Normal,NextEra
695,TRITON - TPU Heater,Normal,Eurus Japan
696,TRITON - TPU No Heater,Normal,Valorem
697,TRITON - TPU Heater,Normal,NextEra
699,TRITON - TPU Heater,Normal,NextEra
700,TRITON - TPU Heater,Normal,NextEra
701,TRITON - TPU Heater,Normal,NextEra
703,TRITON - TPU Heater,Normal,NextEra
704,TRITON - TPU Heater,Normal,NextEra
705,TRITON - TPU Heater,Normal,NextEra
706,TRITON - TPU Heater,Normal,NextEra
707,TRITON - TPU Heater,Normal,Innergex
708,TRITON - TPU No Heater,Normal,Gold Wind
712,TRITON - TPU Heater,Normal,NextEra
713,TRITON - TPU Heater,Normal,NextEra
714,TRITON - TPU Heater,Normal,NextEra
715,TRITON - TPU Heater,Normal,NextEra
716,TRITON - TPU Heater,Normal,NextEra
717,TRITON - TPU Heater,Normal,NextEra
718,TRITON - TPU Heater,Normal,NextEra
719,TRITON - TPU Heater,Normal,Infinity Wind
720,TRITON - TPU Heater,Normal,NextEra
721,TRITON - TPU Heater,Normal,NextEra
722,TRITON - TPU Heater,Normal,NextEra
723,TRITON - TPU Heater,Normal,NextEra
724,TRITON - TPU Heater,Normal,NextEra
725,TRITON - TPU Heater,Normal,Infinity Wind
726,TRITON - TPU Heater,Normal,NextEra
727,TRITON - TPU Heater,Normal,NextEra
728,TRITON - TPU Heater,Normal,NextEra
729,TRITON - TPU Heater,Normal,NextEra
730,TRITON - TPU Heater,Normal,NextEra
731,TRITON - TPU Heater,Normal,NextEra
732,TRITON - TPU Heater,Normal,NextEra
733,TRITON - TPU Heater,Normal,NextEra
734,TRITON - OPS,Normal,Prowind
735,TRITON - TPU Heater,Normal,NextEra
736,TRITON - TPU Heater,Normal,NextEra
737,TRITON - TPU Heater,Normal,NextEra
738,TRITON - TPU Heater,Normal,NextEra
739,TRITON - TPU Heater,Normal,NextEra
740,TRITON - TPU Heater,Normal,NextEra
741,TRITON - TPU Heater,Normal,NextEra
742,TRITON - TPU No Heater,Normal,Rio Energy
743,TRITON - TPU No Heater,Normal,Rio Energy
744,TRITON - TPU Heater,Normal,NextEra
745,TRITON - TPU Heater,Normal,NextEra
746,TRITON - TPU Heater,Normal,NextEra
747,TRITON - TPU Heater,Normal,NextEra
748,TRITON - TPU Heater,Normal,NextEra
749,TRITON - TPU Heater,Normal,NextEra
750,TRITON - TPU Heater,Normal,NextEra
751,TRITON - TPU Heater,Normal,NextEra
752,TRITON - TPU Heater,Normal,NextEra
754,TRITON - TPU No Heater,Normal,Neoen
755,TRITON - TPU No Heater,Normal,Neoen
756,TRITON - TPU No Heater,Normal,Energon
757,TRITON - TPU Heater,Normal,RES
758,TRITON - TPU No Heater,Normal,Terra-Gen
759,TRITON - TPU No Heater,Normal,Terra-Gen
760,TRITON - TPU No Heater,Normal,Terra-Gen
761,TRITON - TPU Heater,Normal,NextEra
762,TRITON - TPU Heater,Normal,NextEra
763,TRITON - TPU Heater,Normal,NextEra
764,TRITON - TPU Heater,Normal,NextEra
766,TRITON - TPU Heater,Normal,NextEra
767,TRITON - TPU Heater,Normal,NextEra
768,TRITON - TPU Heater,Normal,NextEra
769,TRITON - TPU Heater,Normal,Calpine
770,TRITON - TPU Heater,Normal,NextEra
772,TRITON - TPU Heater,Normal,NextEra
773,TRITON - TPU Heater,Normal,NextEra
774,TRITON - TPU Heater,Normal,NextEra
775,TRITON - TPU Heater,Normal,NextEra
776,TRITON - TPU Heater,Normal,NextEra
777,TRITON - TPU Heater,Normal,NextEra
778,TRITON - TPU Heater,,NextEra
782,TRITON - TPU Heater,Normal,Calpine
784,TRITON - TPU Heater,Normal,Calpine
787,TRITON - TPU Heater,Normal,Calpine
795,TRITON - TPU Heater,Normal,Calpine
796,TRITON - TPU Heater,Normal,DTE
797,TRITON - TPU Heater,Normal,DTE
799,TRITON - TPU Heater,,NextEra
806,TRITON - TPU Heater,Normal,Terra-Gen
807,TRITON - TPU Heater,Normal,Terra-Gen
808,TRITON - TPU No Heater,Normal,Terra-Gen
809,TRITON - TPU Heater,Normal,NextEra
810,TRITON - TPU Heater,,NextEra
811,TRITON - TPU Heater,,NextEra
812,TRITON - TPU Heater,,NextEra
813,TRITON - TPU Heater,,NextEra
814,TRITON - TPU Heater,,NextEra
815,TRITON - TPU No Heater,,Rio Energy
816,TRITON - TPU Heater,,NextEra
817,TRITON - TPU Heater,,NextEra
818,TRITON - TPU Heater,,NextEra
819,TRITON - TPU Heater,Normal,Lincoln Clean Energy
820,TRITON - TPU Heater,Normal,Lincoln Clean Energy
821,TRITON - TPU Heater,Normal,DTE
822,TRITON - TPU Heater,Normal,DTE
823,TRITON - TPU Heater,Normal,BayWa USA
825,TRITON - TPU Heater,,Calpine
826,TRITON - TPU Heater,Normal,Mesa Canyons Wind
827,TRITON - TPU Heater,Normal,NextEra
828,TRITON - TPU No Heater,,Valorem
829,TRITON - TPU Heater,,NextEra
830,TRITON - TPU Heater,,NextEra
831,TRITON - TPU Heater,,NextEra
832,TRITON - TPU Heater,,NextEra
834,TRITON - TPU Heater,,NextEra
838,TRITON - TPU No Heater,,InnoWind
839,TRITON - TPU No Heater,,InnoWind
840,TRITON - TPU Heater,,BluEarth
842,TRITON - TPU Heater,,Calpine
843,TRITON - TPU Heater,,Noval HD
844,TRITON - TPU Heater,,Empire District
845,TRITON - TPU Heater,,Empire District
846,TRITON - TPU Heater,,NextEra
847,TRITON - TPU Heater,,NextEra
848,TRITON - TPU Heater,,NextEra
849,TRITON - TPU Heater,,Lincoln Clean Energy
854,TRITON - TPU Heater,,Terra-Gen
857,TRITON - TPU Heater,,NextEra
861,TRITON - TPU Heater,,NextEra
